ATMOSFERA,ANODO,TIEMPO,ALTURA,AGITACION,H2SO4,NaOH,CaCO3,CARBON,COBRE,YH2,YCO2,YO2,YCO,YCH4,mmol_gas_abs,kpa_dpmax,n_EtOH,n_gluc,SEI_kj-mol,n_FUEL(%),I_LCP(%),%n_SCG,%FE_H2,%FE_CO,%FE_Methane,%FE_Ethanol,%FE_gluc,%FE_product_TOTAL,%n_LHV,Y_syngas,H2_CO,%X_c_Gas_masa,%X_C_liq_masa,%X_C_global,Indx syngas_O2
CO2,PLATINO,60,0.7,0,0.215,0,0.39,1,0,0.0869755,0.76390811,0.02682592,0.07892502,0.041960338,4.579,11.48,0,5.71E-06,3080.278682,5.28094583,99.61347293,0.032538074,6403.634896,56243.29415,3089.36062,0,10.9198551,65747.20952,8.486257008,1.884229794,1.102001621,3.079861625,0.045719371,3.125580995,6.184336642
ARGON,HIERRO,20,0.2,1250,0.215,0.646,0,0,0.5,0.042335273,0.00283729,0.08615471,0.00015744,0,2.069,-0.8987,0,1.43E-05,770.5739209,0,100,0,1231.54145,82.53732625,0,0,10.91270933,1324.991485,31.39901881,0,268.8978214,0,0,0,0.493214045
CO2,HIERRO,20,0.7,1250,0.43,0,0,0.5,0,0.095992064,0.78006777,0.01421247,0.06204532,0,4.6712,11.85,0,1.21E-05,1136.58077,5.322835873,99.27755554,0.061485178,18163.98068,147607.3679,0,0,62.88767173,165834.2362,22.69746998,3.71694059,1.547128196,2.862503167,0.201186505,3.063689672,11.11962833
ARGON,PLATINO,60,0.2,1250,0.43,0.323,0,1,0,0.03317529,0.05738969,0.02593087,0.00529413,0.0005688,0.5835,3.97,0,1.50E-05,9831.226923,0.137056076,99.9851964,0.002467267,387.7683084,670.7975426,6.56056904,0,4.490539049,1069.616959,2.517182363,0.231008867,6.266429045,0.578491558,0.063453626,0.641945184,1.483537575
ARGON,HIERRO,20,0.2,1250,0.215,0.646,0,0,0.5,0.02046334,0,0.03210796,0.0021649,0,0.586,-1.9889,0,1.21E-05,6100.594488,0,100,0,473.0947248,0,0,0,7.029831453,480.1245563,4.028159992,0,9.452325743,0,0,0,0.704754833
ARGON,PLATINO,20,0.7,625,0.43,0.646,0.39,0,0,0.07379041,0.03043464,0.01760054,0.00598219,0.00038318,0.778,2.4956,0,1.64E-05,1993.969865,3.350833306,99.80563784,0.032393693,8987.628998,3706.921442,43.58167134,0,48.49825854,12786.63037,12.28151009,10.23577912,12.33501611,0.39177145,1.484974966,1.876746416,4.532395029
CO2,HIERRO,20,0.7,0,0,0.323,0.39,0,0.5,0.08858931,0.76114342,0.04754564,0.05762993,0.00015598,10.43,10.84,0,7.14E-06,1411.237121,38.38317809,94.56330292,0.556088228,11752.03172,100971.3431,25.0662036,0,29.7931832,112778.2342,18.28454655,30.57115625,1.537210092,2.909299934,1.052038128,3.961338062,3.075344869
CO2,PLATINO,20,0.2,1250,0,0.646,0.39,1,0,0.03043655,0.57583288,0.0709553,0.04089518,0.00520624,16.35,5.32,0.000491643,7.85E-06,1940.474099,1.348697249,99.82863178,0.014425876,669.7682216,12671.4284,182.5396559,447.7848372,7.150279004,13978.67139,13.67811938,0.810156417,0.744257636,1.001577822,1.02674605,2.028323872,1.005305171
ARGON,HIERRO,60,0.7,1250,0.43,0.646,0.39,1,0.5,0.04485046,0.0818701,0.00746758,0.0158693,0.00609074,0.9643,4.92,6.32E-05,1.50E-05,6617.220971,0.508476352,99.9756161,0.004063983,985.3114123,1798.588997,125.2464175,33.74087762,8.005930331,2950.893635,3.816825077,0.348320748,2.826240603,1.746358779,0.123164526,1.869523305,8.131116105
CO2,PLATINO,20,0.2,1250,0,0.646,0.39,1,0,0.0036415,0.50047307,0.07855623,0,0.00002831,14.706,-0.9911,0,7.14E-06,7491.342064,0.001236739,99.86688094,0.01120604,3.355764732,461.2027674,0.04285188,0,0.280625592,464.8820096,3.227726059,0.041358658,0,0,0.057149213,0.057149213,0.04635533
ARGON,PLATINO,20,0.7,1250,0,0,0.195,1,0.5,0,0.01349371,0.07803,0,0.00001079,0.3954,2.917,0,7.85E-06,300000,0.000243524,99.99694825,0.000508626,0,5.106834247,0.0040784,0,0.077082951,5.187995598,0,0,0,0,0.032477637,0.032477637,0
CO2,PLATINO,20,0.2,0,0,0,0,0,0,0.01862969,0.94630945,0.01496551,0.00667204,0,4.3299,7.0535,0,1.28E-05,5355.78408,27.3024603,61.00332238,0,371.8576329,18888.79482,0,0,7.065393399,19267.71785,4.717598648,28.55202916,2.792202984,0.395160856,10.22076503,10.61592588,1.690669413
CO2,PLATINO,20,0.2,0,0,0,0,0,0,0.00273167,0.92904213,0.00859177,0,0.0020852,3.4513,5.1905,0,1.07E-05,23636.93265,9.050787535,61.61170198,0,4.978361188,1693.14276,4.00134716,0,0.533638354,1702.656106,1.022975373,3.082584531,0,0,8.51730419,8.51730419,0.317940308
CO2,HIERRO,20,0.7,0,0,0.323,0.39,0,0.5,0.00928781,0.81309162,0.04411719,0.05834174,0.00007264,10.35,11.6754,0,1.78E-05,3026.151519,39.10903774,94.16653973,0.596670835,579.3374823,50717.49444,5.443833138,0,34.73491482,51337.01067,9.164837045,14.13981867,0.159196657,2.969594358,2.630095321,5.599689679,1.532952348
CO2,HIERRO,60,0.2,0,0.43,0.646,0.195,0,0,0.02120935,0.87197752,0.00128543,0.0747149,0,3.36,13.6,0,1.07E-05,4180.466602,96.89973478,87.722095,1.488512707,549.8422323,22605.59923,0,0,7.543161464,23162.98463,6.551672147,33.84122212,0.283870419,4.425714466,2.662766122,7.088480588,74.62425025
CO2,HIERRO,40,0.45,625,0.215,0.323,0.195,0.5,0.25,0.0142143,0.80065394,0.02880968,0.05689102,0.00183572,4.2797,14.4096,0,1.64E-05,4549.908862,5.133589192,99.24853745,0.063895231,572.987759,32274.88563,73.20038541,0,17.00325329,32938.07703,6.038888416,1.599075729,0.249851383,2.768703325,0.260266882,3.028970208,2.468105165
ARGON,HIERRO,40,0.7,0,0,0.646,0,1,0,0.0085977,0.00165599,0.02887267,0.00240087,0.00007718,0.7976,-1.5229,2.54E-05,4.35E-05,29716.03722,0.057273871,99.99904451,0.000159248,52.52809295,10.11735658,0.471219774,4.027844799,6.904716112,74.04923021,0.843966902,0.066046413,3.58107686,0.259051447,0.210642675,0.469694122,0.380933596
CO2,HIERRO,60,0.2,625,0,0,0,1,0.5,0.00674424,0.94198216,0.00176598,0.041253474,0,3.674,5.3979,0,1.28E-05,6036.347991,1.696175743,99.59573334,0.034047433,68.37742643,9550.418704,0,0,3.761286282,9622.557417,4.592361453,0.57038208,0.163482958,1.47301876,0.107632136,1.580650896,27.17908142
CO2,PLATINO,40,0.2,1250,0.43,0,0.39,0,0.5,0.00974792,0.84950943,0.07001918,0.06212568,0,2.2918,14.1599,0,7.14E-06,3792.21883,52.45578442,92.30261386,0.787321007,367.2420904,32004.32696,0,0,6.652344917,32378.2214,7.315300786,15.02715413,0.156906452,3.988986507,1.052038128,5.041024636,1.026484458
ARGON,PLATINO,20,0.7,625,0.43,0.646,0.39,0,0,0.00339292,0.03329136,0.00691938,0,0,0.2586,4.4492,0,1.21E-05,46989.87748,0,99.82445472,0.029257547,17.49554663,171.6664529,0,0,1.521113104,190.6831126,0.514578911,0.435352235,0,0,1.097590192,1.097590192,0.490350292
ARGON,PLATINO,60,0.2,0,0,0.646,0.39,0.5,0.5,0.00712496,0.00135827,0.11915417,0,0,0.3088,-5.7115,0,7.85E-06,13814.9985,0,99.99943405,9.43E-05,11.5374362,2.199444413,0,0,0.334779412,14.07166003,1.750271633,0.078246863,0,0,0.060785687,0.060785687,0.059796145
ARGON,PLATINO,60,0.2,0,0,0.646,0.39,0.5,0.5,0.00072467,0,0.00046922,0.00088163,0,0.3005,-5.9946,0,1.64E-05,167368.7059,0.036101876,99.99963898,6.02E-05,0.285570889,0,0,0,0.173337182,0.458908071,0.157982302,0.017640511,0.821966131,0.168536553,0.127097345,0.295633899,3.423340864
ARGON,HIERRO,20,0.2,0,0.43,0,0.39,1,0.25,0.01735317,0.09381745,0.0693672,0.00460242,0.0000023,0.0041,2.3457,0,4.57E-05,1389.806298,0.107761277,99.97696627,0.003838955,300.3411926,1623.752019,0.037531265,0,19.36166036,1943.492403,18.01952631,0.125948909,3.770444679,0.502830145,0.184736797,0.687566942,0.316512559
CO2,HIERRO,60,0.2,0,0.43,0.646,0.195,0,0,0.04638966,0.86621042,0.04012063,0.03829874,9.39E-08,0.9172,1.3239,0,0,3359.392367,47.60783604,88.75638901,1.363119998,860.6461418,16070.40569,0.001901716,0,0,16931.05373,7.752352168,29.87731419,1.211258125,2.174393204,0,2.174393204,2.110844222
CO2,PLATINO,20,0.2,1250,0,0.646,0.39,1,0,0.01194901,0.4834084,0.10531175,0.00112873,0,14.29,-0.4283,3.44E-05,2.85E-06,4241.717202,0.028768934,99.87650176,0.010396154,37.27396105,1507.953033,0,4.775306366,0.396492685,1550.398793,5.784354063,0.148531586,10.58624295,0.025698174,0.090267586,0.11596576,0.124181205
ARGON,HIERRO,40,0.7,0,0,0.646,0,1,0,0.01074439,0,0.02096119,0.0017281,0.00000122,0.5742,-4.5117,3.72E-05,3.57E-06,23457.64901,0.039069267,99.99960931,6.51E-05,60.96159278,0,0.007076952,5.607793706,0.53771688,67.11418031,1.055128673,0.074897302,6.21745848,0.182256812,0.053684256,0.235941068,0.595027763
ARGON,HIERRO,60,0.45,1250,0,0,0.39,0,0,0.01220758,0.0029251,0.00802678,0.00278651,0,0.5174,3.1351,4.30E-05,9.99E-06,21588.11882,1.389512555,99.97151866,0.00474689,51.82952488,12.41904974,0,4.698461566,1.09066186,70.03769804,1.155527413,1.923921163,4.380956824,6.487139866,1.85726319,8.344403055,1.868008093
CO2,HIERRO,60,0.2,625,0,0,0,1,0.5,0.06645101,0.875598445,0.00565274,0.04527844,0,3.2724,8.7435,0,2.85E-06,3106.870806,1.949914377,99.6034247,0.033399664,1828.036649,24087.30954,0,0,2.165278119,25917.51146,8.320150588,1.327739814,1.467608204,1.693374327,0.023918252,1.717292579,19.76553848
CO2,HIERRO,40,0.45,625,0.215,0.323,0.195,0.5,0.25,0.089211747,0.78113162,0.02632065,0.073063389,0.0000048,3.727,14.712,1.95E-05,1.21E-05,2121.951674,6.003146469,99.29820755,0.05967189,7244.800689,63434.95212,0.410407581,43.38951345,26.94761402,70750.50034,12.26936747,3.649378568,1.221018469,3.340795068,0.268207791,3.609002859,6.165316423
CO2,PLATINO,40,0.2,1250,0.43,0,0.39,0,0.5,0.08462548,0.79822085,0.03454886,0.06621435,0.00000046,2.2847,14.7751,0,7.14E-06,404.4096672,56.50368011,92.62343061,0.754506521,5035.72252,47498.9177,0.025796212,0,10.39669659,52545.06271,64.26295831,31.53721775,1.278053473,4.296779553,1.052038128,5.348817681,4.365985737
CO2,PLATINO,40,0.2,1250,0.43,0,0.39,0,0.5,0.06969351,0.81355182,0.04598176,0.0626546,0,2.6196,12.4193,5.21E-05,2.14E-06,1548.644375,53.60054747,92.5041188,0.766710235,4342.874678,50695.58986,0,79.26971674,3.257965232,55120.99222,16.87310508,27.67101477,1.112344664,4.076039716,2.195742353,6.271782069,2.878274124
CO2,PLATINO,20,0.2,1250,0,0.646,0.39,1,0,0.03435099,0.481255,0.09379824,0.01333951,0.00000269,14.3818,1.6652,0.000238007,0,590.9899126,0.343507055,99.87267887,0.010717967,388.3810285,5441.191414,0.051613327,118.6277641,0,5948.25182,42.86436144,0.541649062,2.57513132,0.306736569,0.46662098,0.773357549,0.508437045
ARGON,HIERRO,20,0.2,1250,0.215,0.646,0,0,0.5,0.00652351,0,0.06586104,0.00148278,0.00010918,0.8481,-1.5167,0,1.64E-05,10813.00204,0,100,0,41.18935751,0,0.686969884,0,2.682994019,44.55932141,2.306762883,0,4.399513077,0,0,0,0.12156337
CO2,HIERRO,20,0.7,1250,0.43,0,0,0.5,0,0.06594307,0.83978414,0.01526774,0.06557605,0,3.8823,14.6247,0,6.42E-06,1343.744823,5.717862893,99.21057681,0.067185546,10727.11166,136609.6276,0,0,28.16064542,147364.8999,19.523239,3.093247579,1.00559686,3.074939944,0.106510503,3.181450447,8.614183894
ARGON,HIERRO,60,0.7,0,0.43,0,0,0,0.5,0.03243344,0.01688325,0.00300353,0.01170504,0.00000712,0.2286,-3.8496,0,0,11141.3917,0,100,0,526.884437,274.2700642,0.115944506,0,0,801.2704457,2.268350258,0,2.770895272,0,0,0,14.69553492
CO2,HIERRO,60,0.2,0,0.43,0.646,0.195,0,0,0.0882877,0.81575515,0.01119937,0.0825679,0.0000066,2.1278,12.6497,0,0,611.990369,104.0484689,88.68060928,1.372307158,3038.035238,28070.64735,0.2445789,0,0,31108.92716,42.76380463,60.27633586,1.069273895,4.751810503,0,4.751810503,15.25582243
ARGON,PLATINO,40,0.45,625,0.215,0.323,0.195,0.5,0.25,0.01363569,0.05305903,0.0341275,0.00658582,0.0000185,0.3241,-4.4014,0,2.28E-05,10563.14041,0.297477689,99.97312454,0.004479243,119.5318204,465.1207563,0.158876003,0,5.094878314,589.906331,2.416120266,0.232002613,2.070461993,1.384917908,0.184736797,1.569654705,0.592528313
ARGON,HIERRO,40,0.7,0,0,0.646,0,1,0,0.00391049,0.00254695,0.02661304,0.00103039,0.00004513,0.8234,0.8234,1.07E-05,2.50E-05,35466.65188,0.024639494,99.99917032,0.000138279,7.437792479,4.844325277,0.086573711,0.535419315,1.244761094,14.14887188,0.705992791,0.029669984,3.795155232,0.110159149,0.116893543,0.227052693,0.185656355
CO2,HIERRO,20,0.7,1250,0.43,0,0,0.5,0,0.07217977,0.80504519,0.02675896,0.06258985,0.00001795,4.306,10.4249,0,2.50E-05,852.5769199,5.373827783,99.25527637,0.063381294,7286.726236,81271.30229,1.909899483,0,69.04168194,88628.98011,30.60534969,3.16969731,1.153218453,2.889052223,0.41420751,3.303259734,5.036429667
CO2,PLATINO,60,0.7,1250,0,0.646,0,0,0.25,0.04877275,0.53586148,0.06827792,0.03181794,0.00030773,14.5998,9.7431,8.37E-05,0,3659.773475,87.4770918,84.61773601,0,377.0282146,4142.372473,3.813864559,26.93940166,0,4550.153954,7.05142375,90.94349402,1.532869507,1.246763341,16.299739,17.54650234,1.180333115
CO2,PLATINO,20,0.45,0,0.43,0.646,0,1,0.5,0.04150366,0.76832176,0.05764193,0.05769694,0.00016295,3.6531,12.402,0,5.71E-06,1663.473504,2.62085815,99.62577648,0.031517193,4485.777041,83041.35372,17.77248281,0,16.17636677,87561.07961,15.97637092,1.1788529,0.719339015,2.269577249,0.047836505,2.317413754,1.720979849
ARGON,HIERRO,60,0.7,1250,0.43,0.646,0.39,1,0.5,0.01566504,0.05397738,0.15964927,0.00712797,0.00003291,1.8927,-2.1721,2.83E-05,3.57E-06,14158.3193,0.160119946,99.98632852,0.00227858,101.7193985,350.4968151,0.210860781,4.714618688,0.593929904,457.735623,1.798831566,0.130752794,2.197686017,0.744105565,0.042482333,0.786587898,0.142769272
ARGON,PLATINO,60,0.2,0,0,0.646,0.39,0.5,0.5,0.00839407,0.00314918,0.04580917,0.00069769,0.00003341,0.4238,1.7418,0,2.85E-06,28307.40002,0.031255406,99.99834036,0.000276606,20.43024085,7.66475689,0.080300341,0,0.178237123,28.3535352,0.865362538,0.099846413,12.03123164,0.139323129,0.022103886,0.161427015,0.198470306
ARGON,PLATINO,60,0.2,1250,0.43,0.323,0,1,0,0.01079241,0.00132066,0.03103638,0.00193386,0.0000065,0.397,1.8393,0,5.71E-06,29340.25987,0.0459985,99.99922691,0.000128848,42.81323593,5.239027072,0.025121123,0,0.573208912,48.65059304,0.845461749,0.076421251,5.580760758,0.214035457,0.02417281,0.238208267,0.410043633
CO2,PLATINO,20,0.2,0,0,0,0,0,0,0.0319398,0.83387936,0.06718,0.00973712,0.00002864,3.4095,5.3616,0,0,833.0472283,39.52229925,65.86464777,0,810.5635512,21162.06787,0.779691911,0,0,21973.41111,30.18144554,47.03080126,3.280210165,0.570224893,0,0.570224893,0.620376898
CO2,HIERRO,20,0.7,0,0,0.323,0.39,0,0.5,0.07209913,0.69141583,0.04074306,0.06680894,0.00000278,9.1472,11.9223,0,2.14E-05,1452.477366,43.54787797,95.0579168,0.505497042,7299.299125,69998.77756,0.347252234,0,69.47343414,77367.89737,18.01167257,29.04255495,1.079183864,3.311417064,3.156114385,6.467531449,3.409367632
ARGON,HIERRO,40,0.7,0,0,0.646,0,1,0,0.00868159,0.00132347,0.1008113,0.00190252,0.00001966,0.7326,2.8463,9.83E-05,2.85E-06,24303.58325,0.044103393,99.99925532,0.000124113,40.2347876,6.133615425,0.091728195,11.91751397,0.346000387,58.72364557,1.025387078,0.063557581,4.563205643,0.203769463,0.114011405,0.317780868,0.104989322
ARGON,PLATINO,20,0.7,1250,0,0,0.195,1,0.5,0.002584272,0.0004196,0.02921908,0.00234593,0.00000531,0.3882,2.2311,0,0,21480.94751,0.054621897,99.9993563,0.000107284,11.23421542,1.824063718,0.022424394,0,0,13.08070354,1.216911539,0.028928926,1.101598087,0.254434143,0,0.254434143,0.16873228
ARGON,HIERRO,60,0.45,1250,0,0,0.39,0,0,0.00440221,0.00368452,0.02198,0.00258523,0.00000565,0.5869,-6.8935,5.73E-05,2.07E-05,37559.84734,1.269810787,99.96924404,0.005125993,7.918699349,6.627717924,0.010234474,2.69642991,0.973895441,18.2269771,0.684356551,0.896572162,1.702831083,5.91527647,3.141590508,9.056866979,0.317899909
ARGON,PLATINO,20,0.7,625,0.43,0.646,0.39,0,0,0.01384298,0.02789838,0.02161415,0.00566413,0.0000075,0.2387,2.6752,0,2.85E-06,8417.794382,2.874566151,99.82985138,0.028358103,344.7099961,694.7095538,0.181854938,0,1.798129998,1041.399535,3.014601173,2.502995631,2.443972861,13.40304578,0.258256516,13.66130229,0.902515713
CO2,PLATINO,20,0.45,0,0.43,0.646,0,1,0.5,0.05641194,0.78105258,0.05041353,0.07044143,0.00000302,4.1284,12.8939,0,0,1401.833347,3.084344766,99.62718058,0.031398938,8742.032032,121037.9695,0.488573823,0,0,129780.4901,18.88086629,1.507465309,0.800834679,2.678433756,0,2.678433756,2.516256449
ARGON,HIERRO,60,0.7,1250,0.43,0.646,0.39,1,0.5,0.02255969,0.05914284,0.00701696,0.00764498,0.00000949,0.7686,-3.5114,3.16E-05,0,15395.89904,0.168894814,99.98526127,0.002456456,232.6193039,609.838445,0.097854057,8.459481628,0,851.0150845,1.638280182,0.173270007,2.950915503,0.787482108,0.031273882,0.818755991,4.304523611
ARGON,PLATINO,20,0.7,1250,0,0,0.195,1,0.5,0.00122758,0.00146979,0.01134434,0.00126807,0.00000354,0.2977,-2.0751,0,0,44018.94441,0.028481044,99.999386,0.000102334,2.510515951,3.005858062,0.007295302,0,0,5.523669315,0.596866242,0.014643715,0.968069586,0.132586228,0,0.132586228,0.219990762
ARGON,HIERRO,60,0.7,0,0.43,0,0,0,0.5,0.00793616,0.00050858,0.00415132,0.0035186,0,0.4055,-7.5849,0.000101259,0,39263.94802,0,100,0,26.24970464,1.68218317,0,9.115840236,0,37.04772804,0.648064104,0,2.255487978,0,0,0,2.759305474
CO2,HIERRO,20,0.7,0,0,0.323,0.39,0,0.5,0.0700711,0.71823399,0.04361938,0.07159497,0,9.92,10.2838,1.95E-05,0,1529.653705,45.25840868,95.00713502,0.510691216,8166.255893,83704.73067,0,75.23798559,0,91946.22455,17.16869568,29.61919075,0.978715404,3.441663938,0.705049093,4.146713031,3.247778166
CO2,PLATINO,40,0.2,1250,0.43,0,0.39,0,0.5,0.05025917,0.85288175,0.03951008,0.05311459,0.00005102,3.2154,14.2272,0,1.57E-05,3009.078897,42.61234535,92.73803387,0.742784418,2642.672945,44845.2994,2.691687006,0,21.51810611,47512.18214,8.739186581,21.61312949,0.946240383,3.237324636,2.314483882,5.551808518,2.616389539
CO2,PLATINO,20,0.45,0,0.43,0.646,0,1,0.5,0.04738157,0.73668568,0.03543364,0.05020027,0.00006288,4.1956,13.4209,0,8.56E-06,1777.779071,2.233404661,99.65033706,0.029448695,5288.088455,82218.86778,7.219329962,0,25.54246842,87539.71804,14.79346031,1.159616324,0.9438509,1.93707126,0.071754757,2.008826017,2.753932139
CO2,HIERRO,60,0.2,625,0,0,0,1,0.5,0.02017503,0.8779425,0.04165735,0.00144182,0.00006257,4.1842,-5.0102,0,8.56E-06,2692.792111,0.059269891,99.65592021,0.02897848,72.71904116,3164.463041,0.263483226,0,0.936839779,3238.382406,9.081577204,0.256884397,13.99275222,0.048988351,0.071754757,0.120743109,0.518920431
CO2,HIERRO,40,0.45,625,0.215,0.323,0.195,0.5,0.25,0.05860927,0.74924676,0.03296814,0.0575899,0.00008741,4.6873,14.1286,0,2.85E-06,1993.415726,4.696674235,99.34297787,0.055865168,2510.577477,32094.61644,3.977799329,0,3.37472976,34612.54644,13.15426987,2.61318383,1.0177005,2.609706421,0.045263806,2.654970226,3.524589801
CO2,PLATINO,20,0.45,0,0.43,0.646,0,1,0.5,0.05430199,0.76832381,0.0307145,0.04298402,0.00010717,2.6507,10.1606,0,1.50E-05,1793.808011,1.903481572,99.64160034,0.030184503,5970.727909,84480.37384,12.19437144,0,44.29989979,90507.59602,14.49449744,1.156100821,1.263306457,1.648796342,0.125570826,1.774367167,3.16742939
CO2,HIERRO,60,0.2,625,0,0,0,1,0.5,0.01753589,0.70651598,0.03550077,0.00059559,0.00029372,4.7376,-1.699,0,7.14E-06,3092.40321,0.037616719,99.71265667,0.024200122,57.13922461,2302.122976,1.077028132,0,0.67981507,2361.019044,7.862925283,0.215465912,29.44288856,0.0210085,0.059795631,0.080804131,0.510734838
ARGON,HIERRO,60,0.7,0,0.43,0,0,0,0.5,0.02026795,0.01089438,0.09175867,0.00471794,0.00013065,0.6455,-6.4816,0,7.14E-07,20198.04157,0,100,0,176.9762928,95.12787353,1.173572105,0,0.166531972,273.4442704,1.235662156,0,4.295932123,0,0,0,0.272300045
CO2,HIERRO,60,0.2,0,0.43,0.646,0.195,0,0,0.05620517,0.81282181,0.01114617,0.05474363,0.0000407,4.7753,12.1639,4.59E-05,1.43E-05,4087.293637,70.37245064,88.85572347,1.351077177,1771.209409,25614.68345,1.354969312,39.70210702,12.3441817,27439.29412,6.413256726,39.14174971,1.026697901,3.211607829,6.34609949,9.557707319,9.953984194
CO2,PLATINO,60,0.7,0,0.215,0,0.39,1,0,0.06079087,0.82451952,0.02535069,0.08391687,0.000076,4.666,24.772,0,7.14E-06,3626.802785,3.572836198,99.61355125,0.032531481,3701.315559,50201.73141,4.752359546,0,11.59292319,53919.39225,7.325794597,1.643530925,0.724417748,3.188510391,0.057149213,3.245659604,5.708236738
ARGON,PLATINO,60,0.2,1250,0.43,0.323,0,1,0,0.00854963,0.01024174,0.03021163,0.0028511,0.0001718,0.3578,-3.5538,0,4.28E-06,28669.72379,0.069861095,99.99693438,0.000510937,27.06855068,32.42585448,0.54359979,0,0.351969176,60.38997413,0.879336395,0.068461384,2.998712778,0.30761023,0.018129607,0.325739837,0.377362294
ARGON,PLATINO,40,0.45,625,0.215,0.323,0.195,0.5,0.25,0.02531339,0.03938214,0.03481426,0.00547001,0.00016579,0.2484,2.6193,0,1.21E-05,8032.482708,0.256753156,99.97947389,0.003421018,369.2593755,574.4874323,2.340443575,0,4.44924197,950.5364933,3.101419339,0.353179818,4.627667957,1.164458015,0.098141423,1.262599439,0.884218134
ARGON,HIERRO,60,0.7,0,0.43,0,0,0,0.5,0.00981158,0.0012463,0.01062912,0.00226239,0.00007695,0.194,2.088,0,6.42E-06,40854.99164,0,100,0,28.43718068,3.612186649,0.256291609,0,0.555732163,32.8613911,0.610745326,0,4.336820796,0,0,0,1.135933172
ARGON,PLATINO,20,0.7,1250,0,0,0.195,1,0.5,0.00017881,0.0009806,0.06021936,0.00040291,0.00000049,0.327,2.1634,0,2.36E-05,235743.4694,0.00848239,99.999709,4.85E-05,0.0801246,0.439405978,0.000235693,0,0.294280288,0.814046559,0.114673751,0.003413356,0.443796381,0.039547056,0.097432911,0.136979967,0.009660016
ARGON,HIERRO,20,0.2,1250,0.215,0.646,0,0,0.5,0.00862903,0.00056454,0.00142714,0.00213848,0,0.4638,-2.4823,0,0,10162.09051,0,100,0,76.74616519,5.020990783,0,0,0,81.76715597,2.459951726,0,4.035123078,0,0,0,7.544816907
ARGON,HIERRO,20,0.2,0,0.43,0,0.39,1,0.25,0.01505128,0.06724229,0.05548086,0.0056014,0.0000032,0.201,2.7362,0,5.00E-06,2834.869244,0.129522181,99.9831647,0.002805884,252.2316567,1126.8566,0.051199601,0,2.076404217,1381.215861,8.923664642,0.118474726,2.687056807,0.604324893,0.020205587,0.624530481,0.372248736
CO2,PLATINO,60,0.7,1250,0,0.646,0,0,0.25,0.04667455,0.57880261,0.0208501,0.05506223,0.00000165,12.6862,6.7129,9.25E-05,0,7488.166171,145.8946807,83.20566327,0,604.0154302,7490.285551,0.034980511,50.92369854,0,8145.259661,3.526876396,114.8060433,0.847669083,2.111496041,18.01216294,20.12365898,4.879438468
CO2,PLATINO,60,0.7,0,0.215,0,0.39,1,0,0.05703354,0.79046194,0.01606837,0.06245515,0.00000008,3.0385,13.0927,5.65E-05,0,4291.406559,2.691865292,99.63238658,0.030945912,3271.067328,45335.67838,0.004650532,85.35358701,0,48692.10395,6.136325905,1.35710334,0.913191947,2.404535821,0.110814504,2.515350324,7.436267026
ARGON,PLATINO,20,0.7,625,0.43,0.646,0.39,0,0,0.01289483,0.04521609,0.0296426,0.00781528,0.0000009,0.4831,-3.5815,0,9.99E-06,7496.260014,3.851629707,99.73866948,0.043555086,272.6587912,956.0858456,0.019059677,0,5.496653144,1234.26035,3.433011343,2.657354926,1.649951121,17.97981533,0.903897805,18.88371314,0.698660374
CO2,PLATINO,60,0.7,1250,0,0.646,0,0,0.25,0.05627163,0.60321789,0.018819,0.06298727,0.00000544,14.9131,8.9504,0.000217853,5.00E-06,6682.791776,173.5700336,81.64406734,0,1090.982884,11695.06541,0.166151061,172.8441327,3.96368852,12963.02227,3.943860956,134.5790818,0.893380996,2.511815845,46.41114415,48.92296,6.33715394
CO2,HIERRO,20,0.7,1250,0.43,0,0,0.5,0,0.04643378,0.66210434,0.04370265,0.0588125,0.0000725,4.1415,11.687,0,0,1704.279056,5.05917547,99.38059047,0.05271617,5867.890658,83670.89372,9.647547785,0,0,89548.43192,15.53870554,2.475326788,0.789522295,2.717185339,0,2.717185339,2.408235656
ARGON,PLATINO,60,0.2,0,0,0.646,0.39,0.5,0.5,0.0022798,0.00000093,0.04082729,0.0015494,0,0.1946,1.43,0.000130237,0,88416.79775,0.063222964,99.99936739,0.000105435,2.259521598,0.000921728,0,3.471076879,0,5.731520205,0.292332072,0.042052571,1.471408287,0.295147551,0.246891002,0.542038553,0.093790207
ARGON,HIERRO,60,0.7,1250,0.43,0.646,0.39,1,0.5,0.01337745,0.02905062,0.02100974,0.00487338,0,0.6505,1.84,0.000150749,0,25596.34078,0.107040989,99.99254879,0.001241869,82.59081997,179.3551481,0,24.28735268,0,286.2333208,0.987646336,0.104696441,2.745004494,0.499704505,0.149276366,0.648980871,0.868684239
ARGON,PLATINO,40,0.45,625,0.215,0.323,0.195,0.5,0.25,0.00942468,0.02934506,0.03003756,0.0034398,0.00003509,0.2878,2.2471,0,2.14E-05,16661.975,0.155957343,99.98526775,0.002455375,52.19483419,162.51592,0.191045371,0,3.028110131,217.9299097,1.517325295,0.147594961,2.739891854,0.72083404,0.173190747,0.894024787,0.428279794
ARGON,HIERRO,60,0.45,1250,0,0,0.39,0,0,0.00164763,0.00130462,0.03039534,0.00069725,0.00027978,0.243,1.1933,0.000182657,5.00E-06,81561.34798,0.469092866,99.98911554,0.001814077,0.881373871,0.697886042,0.15559008,2.63868467,0.072170637,4.4457053,0.311484331,0.300876162,2.363040516,1.545373999,4.497621979,6.042995979,0.077146036
ARGON,HIERRO,20,0.2,0,0.43,0,0.39,1,0.25,0.01851697,0.07234443,0.02640134,0.00530466,0.00001344,0.2197,5.3026,0,1.07E-05,4935.779893,0.127473749,99.98138096,0.003103173,462.2259122,1805.882396,0.308768599,0,6.388845381,2274.805922,5.084799651,0.136653504,3.490698744,0.593707318,0.043297687,0.637005004,0.902288672
ARGON,PLATINO,40,0.45,625,0.215,0.323,0.195,0.5,0.25,0.00866258,0.03907252,0.02110473,0.00421481,0.0000052,0.1631,3.5547,0,0,16805.6299,0.187622324,99.98075191,0.003208015,47.11030563,212.4907775,0.02806908,0,0,259.6291522,1.519043858,0.147743078,2.055271768,0.874814892,0,0.874814892,0.610166062
ARGON,PLATINO,60,0.2,1250,0.43,0.323,0,1,0,0.00403613,0.00155122,0.0242938,0.00198352,0.00018281,0.8471,1.12,0,5.00E-06,32178.76446,0.047733661,99.99918238,0.00013627,5.40312566,2.076602237,0.257679707,0,0.182926056,7.92033366,0.793615648,0.036147998,2.034832016,0.203124823,0.021151209,0.224276031,0.247785443
CO2,PLATINO,60,0.7,1250,0,0.646,0,0,0.25,0.04374547,0.57848618,0.02320148,0.05645397,0.00004643,16.6385,7.9107,0.000325266,5.00E-06,7126.04532,147.5129133,83.429812,0,502.1790203,6640.770418,0.886586252,161.3419087,2.478093047,7307.656026,3.718931445,113.0712142,0.774887399,2.13210429,67.33442779,69.46653208,4.318665878
CO2,PLATINO,60,0.7,0,0.215,0,0.39,1,0,0.19286132,0.70113065,0.03391894,0.06412046,0,3.3054,9.7618,8.07E-06,9.99E-06,2135.034773,2.608946136,99.68863309,0.026211048,19080.52379,69365.59413,0,22.28054244,27.57020414,88495.96866,11.80683169,2.918693241,3.007796887,2.330470474,0.095839542,2.426310016,7.576350558
CO2,PLATINO,20,0.2,0,0,0,0,0,0,0.01527419,0.91950493,0.06166046,0.00064969,0,3.3972,-2.4847,0,7.85E-06,1153.750825,2.549206598,63.89563902,0,135.7050486,8169.432307,0,0,2.004322325,8307.141678,21.10342577,17.96948612,23.50996629,0.03689582,6.246023073,6.282918893,0.258251074
CO2,HIERRO,40,0.45,625,0.215,0.323,0.195,0.5,0.25,0.06223176,0.79604981,0.02996135,0.06724229,0,2.1746,9.3614,2.56E-05,5.00E-06,2598.651476,5.653902111,99.27412213,0.061719822,4223.384613,54024.25576,0,46.38389032,9.060598556,58303.08487,10.12822243,2.911720401,0.925485435,3.146655656,0.178494431,3.325150087,4.32136903
ARGON,HIERRO,60,0.45,1250,0,0,0.39,0,0,0.00184782,0.00195809,0.01603685,0.00069629,0,0.2699,1.5924,2.25E-05,0,75505.28015,0.329106348,99.98745389,0.002091019,1.063063053,1.126502112,0,0.350574881,0,2.540140046,0.335176436,0.326439755,2.65380804,1.536480473,0.497596154,2.034076626,0.158641504
ARGON,HIERRO,20,0.2,0,0.43,0,0.39,1,0.25,0.00749504,0.06753947,0.01741019,0.0055756,0,1.3734,2.5365,0,5.71E-06,8590.795078,0.119442549,99.98433702,0.002610496,76.83984658,692.4209228,0,0,1.566150587,770.8269199,3.01921838,0.074980123,1.34425712,0.557599294,0.0230921,0.580691393,0.750746546
